id,tier,level,hp,atk,def,gold,drop/chance
,normal,5,96,16,8,10,"refine stone:2%, Shade essence common:3.6%, rune stone common:1.2%, sky feather common:2.4%"
,normal,10,216,36,17,20,"refine stone:2.15%, Shade essence common:3.9%, rune stone common:1.3%, sky feather common:2.6%"
,normal,15,324,54,27,30,"refine stone:2.3%, Shade essence common:4.2%, rune stone common:1.4%, sky feather common:2.8%"
,normal,20,432,72,39,40,"refine stone:2.45%, Shade essence common:4.5%, rune stone common:1.5%, sky feather common:3%"
,normal,25,624,104,52,50,"refine stone:2.6%, Shade essence common:4.8%, rune stone common:1.6%, sky feather common:3.2%"
,normal,30,660,110,66,60,"refine stone:2.75%, Shade essence common:5.1%, rune stone common:1.7%, sky feather common:3.4%"
,normal,35,984,164,82,70,"refine stone:2.9%, Shade essence common:5.4%, rune stone common:1.8%, sky feather common:3.6%"
,normal,40,900,150,100,80,"refine stone:3.05%, Shade essence common:5.7%, rune stone common:1.9%, sky feather common:3.8% Shade essence rare:0.9%, rune stone rare:0.3%, sky feather rare:0.6%"
,normal,45,1440,240,120,90,"refine stone:3.2%, Shade essence common:6%, rune stone common:2%, sky feather common:4% Shade essence rare:1.05%, rune stone rare:0.35%, sky feather rare:0.7%"
,normal,50,1164,194,141,100,"refine stone:3.35%, Shade essence common:6.3%, rune stone common:2.1%, sky feather common:4.2%, Shade essence rare:1.2%, rune stone rare:0.4%, sky feather rare:0.8%"
,normal,55,1980,330,165,110,"refine stone:3.5%, Shade essence common:6.6%, rune stone common:2.2%, sky feather common:4.4%, Shade essence rare:1.35%, rune stone rare:0.45%, sky feather rare:0.9%"
,normal,60,1428,238,192,120,"refine stone:3.65%, Shade essence common:6.9%, rune stone common:2.3%, sky feather common:4.6%, Shade essence rare:1.5, rune stone rare:0.5%, sky feather rare:1%"
,normal,65,2652,442,221,130,"refine stone:3.8%, Shade essence common:7.2%, rune stone common:2.4%, sky feather common:4.8%, Shade essence rare:1.65, rune stone rare:0.55%, sky feather rare:1.1%"
,normal,70,1704,284,253,140,"refine stone:3.95%, Shade essence common:7.5%, rune stone common:2.5%, sky feather common:5.0%, Shade essence rare:1.8%, rune stone rare:0.6%, sky feather rare:1.2%"
,normal,75,3456,576,288,150,"refine stone:4.1%, Shade essence common:7.5%, rune stone common:2.5%, sky feather common:5.0%, Shade essence rare:1.95%, rune stone rare:0.65%, sky feather rare:1.3%"
,normal,80,1992,332,326,160,"refine stone:4.25%, Shade essence common:7.5%, rune stone common:2.5%, sky feather common:5.0%, Shade essence rare:2.1%, rune stone rare:0.7%, sky feather rare:1.4%"
,normal,85,4416,736,368,170,"refine stone:4.4%, Shade essence common:7.5%, rune stone common:2.5%, sky feather common:5.0%, Shade essence rare:2.25%, rune stone rare:0.75%, sky feather rare:1.5%"
,normal,90,2304,384,414,180,"refine stone:4.55%, Shade essence common:7.5%, rune stone common:2.5%, sky feather common:5.0%, Shade essence rare:2.4%, rune stone rare:0.8%, sky feather rare:1.6%"
,normal,95,5568,928,464,190,"refine stone:4.7%, Shade essence common:7.5%, rune stone common:2.5%, sky feather common:5.0%, Shade essence rare:2.55%, rune stone rare:0.85%, sky feather rare:1.7%"
