level,exp_to_next,cumulative_exp,total_stat_points
1,120,0,3
2,160,120,6
3,200,280,9
4,240,480,12
5,280,720,15
6,320,1000,18
7,360,1320,21
8,400,1680,24
9,440,2080,27
10,480,2520,30
11,520,3000,33
12,560,3520,36
13,600,4080,39
14,640,4680,42
15,680,5320,45
16,720,6000,48
17,760,6720,51
18,800,7480,54
19,840,8280,57
20,880,9120,60
21,920,10000,63
22,960,10920,66
23,1000,11880,69
24,1040,12880,72
25,1080,13920,75
26,1120,15000,78
27,1160,16120,81
28,1200,17280,84
29,1240,18480,87
30,1280,19720,90
31,1320,21000,93
32,1360,22320,96
33,1400,23680,99
34,1440,25080,102
35,1480,26520,105
36,1520,28000,108
37,1560,29520,111
38,1600,31080,114
39,1640,32680,117
40,1680,34320,120
41,1720,36000,123
42,1760,37720,126
43,1800,39480,129
44,1840,41280,132
45,1880,43120,135
46,1920,45000,138
47,1960,46920,141
48,2000,48880,144
49,2040,50880,147
50,2080,52920,150
51,2120,55000,153
52,2160,57120,156
53,2200,59280,159
54,2240,61480,162
55,2280,63720,165
56,2320,66000,168
57,2360,68320,171
58,2400,70680,174
59,2440,73080,177
60,2480,75520,180
61,2520,78000,183
62,2560,80520,186
63,2600,83080,189
64,2640,85680,192
65,2680,88320,195
66,2720,91000,198
67,2760,93720,201
68,2800,96480,204
69,2840,99280,207
70,2880,102120,210
71,2920,105000,213
72,2960,107920,216
73,3000,110880,219
74,3040,113880,222
75,3080,116920,225
76,3120,120000,228
77,3160,123120,231
78,3200,126280,234
79,3240,129480,237
80,3280,132720,240
81,3320,136000,243
82,3360,139320,246
83,3400,142680,249
84,3440,146080,252
85,3480,149520,255
86,3520,153000,258
87,3560,156520,261
88,3600,160080,264
89,3640,163680,267
90,3680,167320,270
91,3720,171000,273
92,3760,174720,276
93,3800,178480,279
94,3840,182280,282
95,3880,186120,285
96,3920,190000,288
97,3960,193920,291
98,4000,197880,294
99,4040,201880,297
100,0,205920,300
