id,tier,level,hp,atk,def,exp,gold,drop
Dewdrop,normal,1,55,7,8,24,8,Dew jelly
Wildcap,normal,2,85,8,18,38,8,Forest mushroom
Leafling,normal,2,70,8,12,30,8,Verdant leaf
Sunbee,normal,5,150,19,15,80,9,Honey drop
RibbonHare,normal,7,186,23.8,17.799999999999997,104,10,Soft fur
Applesprout,normal,20,420,55,36,260,18,Amber leaf
AmberBoar,normal,24,492,64.6,41.599999999999994,308,20,Boar tusk
Honeybug,normal,26,528,69.4,44.4,332,21,Golden honey
Sporeguard,normal,30,600,79,50,380,24,Amber spore
OrchardStag,normal,35,690,91,57,440,27,Amber antler
GlowWisp,normal,40,780,103,64,500,30,Wisp essence
MarshTurtle,normal,44,852,112.6,120,548,32,River shell
ReedSprite,normal,48,924,122.19999999999999,75.19999999999999,596,34,Marsh reed
PuddleJelly,normal,52,996,131.8,80.8,644,37,Crystal jelly
CrystalMoth,normal,60,1140,151,92,740,42,Crystal dust
FrostCub,normal,65,1230,163,99,800,45,Frost fur
IceGolem,normal,70,1320,175,180,860,48,Ice shard
Snowcap,normal,76,1428,189.4,114.39999999999999,932,51,Snow spore
PeakOwl,normal,82,1536,203.79999999999998,122.8,1004,55,Sky feather
FrostWolf,normal,90,1680,223,134,1100,60,Frost fang
Rootling,normal,40,780,103,64,500,30,Ancient root
RuinSentinel,normal,45,870,115,71,560,33,Rune stone
ShadeWisp,normal,50,960,127,78,620,36,Shade essence
StoneWarden,normal,55,1050,139,160,680,39,Warden stone
VineBeast,normal,60,1140,151,92,740,42,Living vine
TownWildwoodKing,boss,8,3264,78.6,57.599999999999994,1392,120,Soft fur
TownBrambleCaptain,mini,8,1020,47.16,34.56,464,40,Verdant leaf
MooncapMonarch,boss,15,5280,129,87,2400,180,Forest mushroom
DewdropMatriarch,mini,15,1650,77.4,52.2,800,60,Dew jelly
AmberAntlerKing,boss,35,11040,273,171,5280,324,Amber antler
HoneyHiveMarshal,mini,35,3450,163.8,102.60000000000001,1760,108,Golden honey
CrystalShellSovereign,boss,60,18240,453,276,8880,504,River shell
MarshWispHerald,mini,60,5700,271.8,165.6,2960,168,Wisp essence
FrostfangSovereign,boss,90,26880,669,402,13200,720,Frost fang
IceboundSentinel,mini,90,8400,401.40000000000003,241.20000000000002,4400,240,Ice shard
RootheartGuardian,boss,65,19680,489,297,9600,540,Rootheart core
RuinShadeHerald,mini,65,6150,293.40000000000003,178.20000000000002,3200,180,Shade essence
